City_ID,City,Country,Date,Lat,Lng,Max Temp,Humidity,Cloudiness,Wind Speed
0,Avarua,CK,3/26/2022 21:04,-21.2078,-159.775,80.65,83,40,11.5
1,Swindon,GB,3/26/2022 21:04,51.558,-1.7812,53.24,81,0,9.22
2,Longyearbyen,SJ,3/26/2022 21:04,78.2186,15.6401,-4.16,84,20,11.5
3,Jamestown,US,3/26/2022 21:04,42.097,-79.2353,35.24,66,100,14.97
4,Berberati,CF,3/26/2022 21:04,4.2612,15.7922,75.94,40,81,1.81
5,Atuona,PF,3/26/2022 21:04,-9.8,-139.0333,79.39,76,48,17.49
6,Constitucion,CL,3/26/2022 21:00,-35.3333,-72.4167,60.39,71,63,9.57
7,Tasiilaq,GL,3/26/2022 21:04,65.6145,-37.6368,23.16,64,2,3.58
8,East London,ZA,3/26/2022 21:04,-33.0153,27.9116,66.96,88,96,10.58
9,Itarema,BR,3/26/2022 21:04,-2.9248,-39.9167,79.54,82,99,10.2
10,Ushuaia,AR,3/26/2022 21:00,-54.8,-68.3,46.71,95,100,6.17
11,Shingu,JP,3/26/2022 21:01,33.7333,135.9833,57.2,93,91,4.85
12,Albany,US,3/26/2022 21:04,42.6001,-73.9662,48.02,79,96,8.3
13,Sanmenxia,CN,3/26/2022 21:04,34.7747,111.1814,48.92,36,98,2.13
14,Thompson,CA,3/26/2022 21:04,55.7435,-97.8558,4.53,71,98,12.5
15,Castro,BR,3/26/2022 21:01,-24.7911,-50.0119,68.97,85,96,5.46
16,Kefamenanu,ID,3/26/2022 21:04,-9.4467,124.4781,69.51,92,97,2.17
17,Mataura,NZ,3/26/2022 21:04,-46.1927,168.8643,52.36,93,26,0.45
18,Upernavik,GL,3/26/2022 21:04,72.7868,-56.1549,12.79,92,100,5.84
19,Bengkulu,ID,3/26/2022 21:04,-3.8004,102.2655,75.4,89,81,6.96
20,Westport,US,3/26/2022 21:04,41.1415,-73.3579,48.27,74,75,4.61
21,Hithadhoo,MV,3/26/2022 21:05,-0.6,73.0833,82.89,69,2,12.35
22,Port Elizabeth,ZA,3/26/2022 21:05,-33.918,25.5701,65.32,91,75,4
23,Barrow,US,3/26/2022 21:04,71.2906,-156.7887,-0.38,78,0,19.57
24,Butaritari,KI,3/26/2022 21:05,3.0707,172.7902,81.68,72,100,12.73
25,Kharabali,RU,3/26/2022 21:05,47.4196,47.2568,42.91,66,7,17.78
26,Sangar,RU,3/26/2022 21:05,63.9242,127.4739,-7.37,98,93,3.76
27,Kindia,GN,3/26/2022 21:05,10.0569,-12.8658,79.81,56,40,5.75
28,Kathmandu,NP,3/26/2022 21:05,27.7167,85.3167,57.42,62,20,3.44
29,Arman,RU,3/26/2022 21:05,59.7,150.1667,0.7,85,14,6.89
30,Hambantota,LK,3/26/2022 21:05,6.1241,81.1185,77.38,85,5,4.05
31,Soyo,AO,3/26/2022 21:05,-6.1349,12.3689,80.15,89,95,8.99
32,Coquimbo,CL,3/26/2022 21:05,-29.9533,-71.3436,65.93,68,0,13.8
33,Buala,SB,3/26/2022 21:05,-8.145,159.5921,78.21,85,92,2.35
34,Egvekinot,RU,3/26/2022 21:05,66.3167,-179.1667,7.07,94,99,1.77
35,Bredasdorp,ZA,3/26/2022 21:05,-34.5322,20.0403,63.73,74,70,12.1
36,Wundanyi,KE,3/26/2022 21:00,-3.4019,38.364,64.45,83,85,4.27
37,Sicuani,PE,3/26/2022 21:05,-14.2694,-71.2261,59.5,54,99,7.11
38,Hermanus,ZA,3/26/2022 21:05,-34.4187,19.2345,64.8,77,81,13.02
39,Lebu,CL,3/26/2022 21:05,-37.6167,-73.65,60.66,71,72,5.01
40,Busselton,AU,3/26/2022 21:05,-33.65,115.3333,63.45,81,98,18.14
41,Upata,VE,3/26/2022 21:05,8.0086,-62.3989,83.89,52,100,6.44
42,Vaini,TO,3/26/2022 21:05,-21.2,-175.2,78.48,66,50,11.1
43,Faanui,PF,3/26/2022 21:05,-16.4833,-151.75,81.9,73,12,13.6
44,Matagami,CA,3/26/2022 21:02,49.7502,-77.6328,23.11,86,100,23.02
45,Lexington,US,3/26/2022 21:02,37.9887,-84.4777,47.98,42,20,14.97
46,Port Hardy,CA,3/26/2022 21:05,50.6996,-127.4199,42.71,93,100,4.81
47,Arandis,NA,3/26/2022 21:05,-22.4167,14.9667,73,55,0,3.53
48,Bambous Virieux,MU,3/26/2022 21:05,-20.3428,57.7575,79.21,89,40,3.44
49,Ereymentau,KZ,3/26/2022 21:05,51.6199,73.1033,17.35,95,100,16.67
50,Maunabo,PR,3/26/2022 21:05,18.0072,-65.8993,84.65,77,21,6.11
51,Nioro,GM,3/26/2022 21:05,13.35,-15.75,83.03,24,9,11.52
52,Los Llanos De Aridane,ES,3/26/2022 21:05,28.6585,-17.9182,62.35,76,75,18.41
53,Tiksi,RU,3/26/2022 21:05,71.6872,128.8694,-13.85,100,99,3.29
54,Killarney,IE,3/26/2022 21:05,52.05,-9.5167,43.83,84,0,4.52
55,Mortka,RU,3/26/2022 21:05,59.3322,66.0214,13.62,91,25,9.24
56,Hilo,US,3/26/2022 21:05,19.7297,-155.09,80.33,68,75,8.05
57,Sola,VU,3/26/2022 21:01,-13.8833,167.55,82.72,72,97,8.63
58,Tahara,JP,3/26/2022 21:05,34.6667,137.2667,60.03,75,100,24.14
59,Saldanha,ZA,3/26/2022 21:05,-33.0117,17.9442,63.72,82,65,6.51
60,Dhidhdhoo,MV,3/26/2022 21:05,6.8833,73.1,81.54,69,1,3.44
61,Klaksvik,FO,3/26/2022 21:05,62.2266,-6.589,45.52,80,100,21.59
62,Kaspiysk,RU,3/26/2022 21:05,42.8816,47.6392,35.78,87,100,6.71
63,Portland,US,3/26/2022 21:02,45.5234,-122.6762,68.09,67,0,5.75
64,Merauke,ID,3/26/2022 21:05,-8.4667,140.3333,77.29,91,100,10.49
65,New Norfolk,AU,3/26/2022 21:05,-42.7826,147.0587,54.88,82,3,2.51
66,Hobart,AU,3/26/2022 21:00,-42.8794,147.3294,55.22,94,20,4.61
67,Kodiak,US,3/26/2022 21:05,57.79,-152.4072,38.71,87,100,5.75
68,Byron Bay,AU,3/26/2022 21:05,-28.65,153.6167,65.95,94,97,3.74
69,Wexford,IE,3/26/2022 21:05,52.3342,-6.4575,50.22,88,0,9.33
70,Punta Arenas,CL,3/26/2022 21:02,-53.15,-70.9167,53.11,76,100,7.47
71,Yellowknife,CA,3/26/2022 21:00,62.456,-114.3525,3.29,77,100,12.73
72,Ahuimanu,US,3/26/2022 21:05,21.4447,-157.8378,82.11,56,20,16.11
73,Chuy,UY,3/26/2022 21:05,-33.6971,-53.4616,69.82,66,61,13.65
74,Port Blair,IN,3/26/2022 21:05,11.6667,92.75,78.84,94,20,2.3
75,Metro,ID,3/26/2022 21:05,-5.1131,105.3067,75.4,92,89,2.82
76,Lavrentiya,RU,3/26/2022 21:05,65.5833,-171,9.1,93,99,0.29
77,Cidreira,BR,3/26/2022 21:05,-30.1811,-50.2056,71.26,69,79,9.82
78,Lypnyazhka,UA,3/26/2022 21:05,48.4469,31.0761,49.66,72,89,20.02
79,Mookane,BW,3/26/2022 21:05,-23.688,26.6595,64.96,89,74,6.73
80,Manta,EC,3/26/2022 21:01,-0.95,-80.7333,80.28,76,94,3.53
81,Bathsheba,BB,3/26/2022 21:05,13.2167,-59.5167,81.21,65,20,18.41
82,Barcelos,PT,3/26/2022 21:01,41.5388,-8.6151,62.92,73,100,4.72
83,Puerto Ayora,EC,3/26/2022 21:05,-0.7393,-90.3518,82.36,76,51,9.15
84,Lushoto,TZ,3/26/2022 21:05,-4.7833,38.2833,62.01,83,68,2.28
85,Hasaki,JP,3/26/2022 21:05,35.7333,140.8333,61.29,89,100,9.82
86,Voh,NC,3/26/2022 21:05,-20.9667,164.7,77.18,77,93,4.72
87,Wanning,CN,3/26/2022 21:05,18.8003,110.3967,76.75,95,43,6.96
88,Bluff,NZ,3/26/2022 21:05,-46.6,168.3333,55.69,79,49,1.63
89,Cabo San Lucas,MX,3/26/2022 21:05,22.8909,-109.9124,87.62,23,0,3.44
90,Rikitea,PF,3/26/2022 21:05,-23.1203,-134.9692,79.18,73,4,13.11
91,Kavieng,PG,3/26/2022 21:05,-2.5744,150.7967,82.09,73,100,3.94
92,Lagoa,PT,3/26/2022 21:05,39.05,-27.9833,59.92,86,100,26.57
93,Vardo,NO,3/26/2022 21:05,70.3705,31.1107,27.27,57,100,26.98
94,Saint-Philippe,RE,3/26/2022 21:05,-21.3585,55.7679,76.59,85,25,7.63
95,Gilgit,PK,3/26/2022 21:05,35.9221,74.3087,48.34,42,0,3.49
96,Ghorawal,IN,3/26/2022 21:05,24.7667,82.7833,72.61,12,0,5.57
97,Nhulunbuy,AU,3/26/2022 21:05,-12.2333,136.7667,74.01,100,85,0
98,Saint George,US,3/26/2022 21:05,37.1041,-113.5841,87.44,12,0,5.75
99,Cape Town,ZA,3/26/2022 21:05,-33.9258,18.4232,66.27,68,47,8.7
100,Aksehir,TR,3/26/2022 21:05,38.3575,31.4164,30.58,72,3,0.92
101,Kaupanger,NO,3/26/2022 21:05,61.1845,7.2404,41.09,98,100,1.5
102,Porto Novo,BJ,3/26/2022 21:05,6.4965,2.6036,83.21,80,100,9.53
103,Mulanje,MW,3/26/2022 21:05,-16.0316,35.5,70.97,91,23,2.73
104,Ahipara,NZ,3/26/2022 21:05,-35.1667,173.1667,68.09,70,0,7.07
105,Chokurdakh,RU,3/26/2022 21:05,70.6333,147.9167,-2.13,97,99,8.75
106,Hanstholm,DK,3/26/2022 21:05,57.1167,8.6167,38.62,77,61,5.95
107,Henties Bay,NA,3/26/2022 21:05,-22.116,14.2845,64.29,82,0,4.65
108,Caravelas,BR,3/26/2022 21:05,-17.7125,-39.2481,78.84,81,8,7.4
109,Padang,ID,3/26/2022 21:05,-0.9492,100.3543,75.63,82,7,4.97
110,Erzin,TR,3/26/2022 21:05,36.9559,36.2,43.84,81,78,3.89
111,Ancud,CL,3/26/2022 21:05,-41.8697,-73.8203,54.23,93,97,20.36
112,Inirida,CO,3/26/2022 21:05,3.8653,-67.9239,75.76,93,100,2.01
113,Dingle,PH,3/26/2022 21:05,10.9995,122.6711,76.14,90,93,5.84
114,Buta,CD,3/26/2022 21:05,2.7858,24.73,75.7,39,100,1.14
115,Pangnirtung,CA,3/26/2022 21:05,66.1451,-65.7125,21.83,82,100,5.37
116,Dikson,RU,3/26/2022 21:05,73.5069,80.5464,-5.42,95,100,13.98
117,Dalby,AU,3/26/2022 21:05,-27.1833,151.2667,65.98,96,86,4.63
118,Moranbah,AU,3/26/2022 21:05,-22.0016,148.0466,68.7,93,5,10.92
119,Half Moon Bay,US,3/26/2022 21:05,37.4636,-122.4286,74.05,65,20,13.8
120,Arraial Do Cabo,BR,3/26/2022 21:05,-22.9661,-42.0278,78.66,78,0,11.5
121,Tommot,RU,3/26/2022 21:05,58.9564,126.2925,-3.91,99,97,2.28
122,Pevek,RU,3/26/2022 21:05,69.7008,170.3133,-2.38,96,99,8.37
123,Ranau,MY,3/26/2022 21:05,5.9538,116.6641,68.49,97,79,0.6
124,Torbay,CA,3/26/2022 21:00,47.6666,-52.7314,40.28,96,100,10.36
125,Pisco,PE,3/26/2022 21:05,-13.7,-76.2167,73.45,64,0,12.66
126,Victoria,HK,3/26/2022 21:05,22.2855,114.1577,74.32,88,75,8.01
127,Santa Cruz Del Sur,CU,3/26/2022 21:05,20.7147,-77.9956,80.24,67,98,12.8
128,Labuhan,ID,3/26/2022 21:05,-6.8844,112.2051,76.39,90,100,6.06
129,Biak,ID,3/26/2022 21:05,-0.9131,122.8766,75.96,82,97,2.95
130,Yulara,AU,3/26/2022 21:05,-25.2406,130.9889,62.44,34,0,8.05
131,Marion,US,3/26/2022 21:05,39.7684,-86.1555,35.92,67,100,21.85
132,Rundu,NA,3/26/2022 21:05,-17.9333,19.7667,70.75,57,53,4.16
133,Port Saint John,US,3/26/2022 21:04,28.477,-80.7887,80.62,33,0,13
134,College,US,3/26/2022 21:05,64.8569,-147.8028,35.47,59,40,3.44
135,Cherskiy,RU,3/26/2022 21:05,68.75,161.3,-8.57,97,100,5.82
136,Lata,PT,3/26/2022 21:05,40.1629,-8.3327,58.08,73,61,6.29
137,Te Anau,NZ,3/26/2022 21:05,-45.4167,167.7167,51.82,90,62,0.54
138,Vagur,FO,3/26/2022 21:05,61.4732,-6.8119,47.26,89,100,22.39
139,Vestmannaeyjar,IS,3/26/2022 21:05,63.4427,-20.2734,46.67,93,100,19.01
140,Ankazoabo,MG,3/26/2022 21:05,-22.2833,44.5167,73.53,83,4,6.51
141,Camana,PE,3/26/2022 21:05,-16.6228,-72.7111,73.26,75,8,7.34
142,Kapaa,US,3/26/2022 21:05,22.0752,-159.319,79.2,62,0,16.11
143,Carnarvon,AU,3/26/2022 21:05,-24.8667,113.6333,73.47,73,40,3.44
144,Cayenne,GF,3/26/2022 21:05,4.9333,-52.3333,81.09,1,75,8.01
145,Dubuque,US,3/26/2022 21:00,42.4833,-90.8668,33.62,43,2,20.29
146,Myitkyina,MM,3/26/2022 21:05,25.3833,97.4,65.16,97,100,2.39
147,Omboue,GA,3/26/2022 21:05,-1.5746,9.2618,79.39,90,95,7.4
148,Kijang,KR,3/26/2022 21:05,35.2442,129.2139,52.77,77,97,3.31
149,Kavaratti,IN,3/26/2022 21:05,10.5669,72.642,81.68,71,1,3.62
150,Severo-Kurilsk,RU,3/26/2022 21:05,50.6789,156.125,30.06,88,100,12.64
151,Krasnoselkup,RU,3/26/2022 21:05,65.7,82.4667,5.7,92,100,17.43
152,Mahebourg,MU,3/26/2022 21:01,-20.4081,57.7,79.25,89,40,3.44
153,Bose,IT,3/26/2022 21:05,45.4612,8.0137,54.28,34,5,5.88
154,Kahului,US,3/26/2022 21:05,20.8947,-156.47,75.22,78,75,11.5
155,Saint-Joseph,RE,3/26/2022 21:05,-21.3667,55.6167,75.58,85,24,6.98
156,Port Hedland,AU,3/26/2022 21:05,-20.3167,118.5667,82.45,74,10,9.22
157,Clyde River,CA,3/26/2022 21:05,70.4692,-68.5914,-1.97,84,100,8.05
158,Husavik,IS,3/26/2022 21:05,66.0449,-17.3389,41.5,88,100,14.7
159,Lompoc,US,3/26/2022 21:02,34.6391,-120.4579,68.52,76,0,16.11
160,Esperance,AU,3/26/2022 21:05,-33.8667,121.9,66.04,90,100,8.01
161,Georgetown,MY,3/26/2022 21:05,5.4112,100.3354,82.33,83,20,2.3
162,Onega,RU,3/26/2022 21:05,63.9061,38.1404,20.14,71,100,21.52
163,Atar,MR,3/26/2022 21:01,20.5169,-13.0499,76.86,11,32,3.74
164,Salinopolis,BR,3/26/2022 21:02,-0.6136,-47.3561,78.39,87,99,10.56
165,Srednekolymsk,RU,3/26/2022 21:05,67.45,153.6833,0.54,96,99,12.48
166,Shimoda,JP,3/26/2022 21:05,34.6667,138.95,61.11,92,80,13.91
167,Kuusamo,FI,3/26/2022 21:05,65.9667,29.1833,14.04,62,0,13.8
168,Port Alfred,ZA,3/26/2022 21:05,-33.5906,26.891,64.18,86,97,14.34
169,Charters Towers,AU,3/26/2022 21:05,-20.1,146.2667,70.07,90,23,3.85
170,Port Hueneme,US,3/26/2022 21:05,34.1478,-119.1951,86.2,72,0,11.5
171,Kruisfontein,ZA,3/26/2022 21:05,-34.0033,24.7314,62.89,92,56,2.44
172,Riyadh,SA,3/26/2022 21:04,24.6877,46.7219,59.14,22,0,9.86
173,Rocha,UY,3/26/2022 21:05,-34.4833,-54.3333,65.93,81,76,14.09
174,Namtsy,RU,3/26/2022 21:05,62.7161,129.6658,-8.27,100,97,1.23
175,Rapid Valley,US,3/26/2022 21:04,44.0625,-103.1463,47.32,33,0,17
176,Tuatapere,NZ,3/26/2022 21:05,-46.1333,167.6833,54.7,84,29,1.1
177,Banda Aceh,ID,3/26/2022 21:05,5.5577,95.3222,79.68,82,17,7.25
178,Mount Gambier,AU,3/26/2022 21:02,-37.8333,140.7667,48.11,93,40,8.05
179,Nuevo Progreso,MX,3/26/2022 21:05,23.1667,-97.95,85.53,38,33,5.99
180,Quang Ngai,VN,3/26/2022 21:05,15.1167,108.8,74.53,87,4,4.41
181,Poum,NC,3/26/2022 21:05,-20.2333,164.0167,80.01,73,76,14.38
182,Danshui,CN,3/26/2022 21:05,22.7984,114.4672,69.4,83,97,7.4
183,Sitka,US,3/26/2022 21:05,57.0531,-135.33,44.49,65,40,4.61
184,Mandera,KE,3/26/2022 21:05,3.9366,41.867,86.94,47,30,6.87
185,Ilulissat,GL,3/26/2022 21:06,69.2167,-51.1,15.82,67,100,0
186,Pahrump,US,3/26/2022 21:05,36.2083,-115.9839,88.52,10,43,11.01
187,Beyla,GN,3/26/2022 21:06,8.6833,-8.6333,71.35,90,97,4.63
188,Pimentel,PE,3/26/2022 21:06,-6.8367,-79.9342,77.29,57,0,14.97
189,Tabuk,PH,3/26/2022 21:06,17.4189,121.4443,73.26,86,24,1.83
190,Komsomolets,KZ,3/26/2022 21:06,53.7453,62.0708,-5.69,100,97,3.09
191,Srikakulam,IN,3/26/2022 21:06,18.3,83.9,79.79,86,64,11.56
192,Matara,LK,3/26/2022 21:02,5.9485,80.5353,75.99,88,6,4.63
193,Airai,TL,3/26/2022 21:06,-8.9266,125.4092,58.68,88,81,1.16
194,Fortuna,US,3/26/2022 21:06,40.5982,-124.1573,63.93,72,0,13.8
195,Johi,PK,3/26/2022 21:06,26.6921,67.6133,85.95,14,0,9.78
196,Nador,MA,3/26/2022 21:06,35.174,-2.9287,57.45,88,20,2.3
197,Najran,SA,3/26/2022 21:06,17.4924,44.1277,69.49,27,3,3.87
198,Bagdarin,RU,3/26/2022 21:06,54.4333,113.6,-4.92,90,25,3.6
199,Abu Zabad,SD,3/26/2022 21:06,12.35,29.25,71.42,11,6,16.98
200,Tuktoyaktuk,CA,3/26/2022 21:03,69.4541,-133.0374,-5.04,89,28,12.53
201,Mehamn,NO,3/26/2022 21:06,71.0357,27.8492,23.7,67,100,23.55
202,Borba,BR,3/26/2022 21:06,-4.3878,-59.5939,81.19,93,59,3.18
203,Waingapu,ID,3/26/2022 21:06,-9.6567,120.2641,77.58,84,82,4.21
204,Nanortalik,GL,3/26/2022 21:06,60.1432,-45.2371,27.88,85,6,2.57
205,Guymon,US,3/26/2022 21:06,36.6828,-101.4816,82.4,17,0,13.8
206,Nome,US,3/26/2022 21:06,64.5011,-165.4064,18.16,85,0,0
207,Kailua,US,3/26/2022 21:06,21.4022,-157.7394,82.38,62,49,5.99
208,Pemangkat,ID,3/26/2022 21:06,1.1667,108.9667,79.65,83,88,4.81
209,Pinega,RU,3/26/2022 21:06,64.7001,43.3936,17.67,92,100,18.01
210,Kamenka,RU,3/26/2022 21:06,51.3223,42.7678,40.15,78,100,21.74
211,Eureka,US,3/26/2022 21:04,40.8021,-124.1637,74.75,72,100,5.99
212,Hervey Bay,AU,3/26/2022 21:06,-25.2986,152.8535,73.04,83,55,6.76
213,Iqaluit,CA,3/26/2022 21:01,63.7506,-68.5145,22.69,85,11,11.99
214,Quesnel,CA,3/26/2022 21:06,52.9999,-122.5029,36.1,93,100,4.61
215,Puerto Montt,CL,3/26/2022 21:05,-41.4698,-72.9447,58.03,94,100,12.66
216,Qaanaaq,GL,3/26/2022 21:06,77.484,-69.3632,0.5,93,99,3.89
217,Norman Wells,CA,3/26/2022 21:06,65.282,-126.8329,6.48,85,100,8.52
218,Linares,CL,3/26/2022 21:06,-35.85,-71.6,79.56,20,20,8.43
219,Leningradskiy,RU,3/26/2022 21:06,69.3833,178.4167,-3.28,83,4,3.6
220,Balkhash,KZ,3/26/2022 21:06,46.844,74.9804,37.11,97,100,12.71
221,Gouyave,GD,3/26/2022 21:06,12.1646,-61.7296,81.37,69,20,17.27
222,Bukama,CD,3/26/2022 21:06,-9.2,25.85,69.85,97,78,2.59
223,Beausejour,CA,3/26/2022 21:06,50.0622,-96.5167,12.79,66,62,14.18
224,Bardiyah,LY,3/26/2022 21:06,31.7561,25.0865,56.32,64,0,5.75
225,Belaya Gora,RU,3/26/2022 21:06,68.5333,146.4167,-13.18,96,56,6.2
226,Yafran,LY,3/26/2022 21:06,32.0633,12.5286,66.56,14,63,26.31
227,Valenca,BR,3/26/2022 21:06,-13.3703,-39.0731,76.5,84,8,3.69
228,Lorengau,PG,3/26/2022 21:06,-2.0226,147.2712,81.63,76,100,7.18
229,Ambon,ID,3/26/2022 21:05,-3.6954,128.1814,77.14,94,40,6.91
230,Thunder Bay,CA,3/26/2022 21:06,48.4001,-89.3168,23.29,51,100,8.01
231,Kuyanovo,RU,3/26/2022 21:06,55.8014,54.5372,31.77,88,100,18.39
232,Tazovskiy,RU,3/26/2022 21:06,67.4667,78.7,8.49,95,100,13.69
233,Twin Falls,US,3/26/2022 21:06,42.3505,-114.6445,66.54,30,0,0
234,Dunmanway,IE,3/26/2022 21:06,51.7167,-9.1167,50.92,87,0,6.69
235,Coihaique,CL,3/26/2022 21:06,-45.5752,-72.0662,52.41,89,97,9.46
236,Khatanga,RU,3/26/2022 21:06,71.9667,102.5,-13.56,100,60,7.65
237,Vrangel,RU,3/26/2022 21:06,42.7297,133.0839,34.36,87,4,9.57
238,Kaitangata,NZ,3/26/2022 21:06,-46.2817,169.8464,52.84,89,30,2.95
239,Lahr,DE,3/26/2022 21:06,48.35,7.8667,54.9,27,0,4.92
240,Blackwater,AU,3/26/2022 21:06,-23.5833,148.8833,69.49,76,60,6.91
241,Sabha,LY,3/26/2022 21:06,27.0377,14.4283,62.96,12,2,13.47
242,Santa Cruz De La Palma,ES,3/26/2022 21:06,28.6835,-17.7642,66.34,63,75,18.41
243,Rio Grande,BR,3/26/2022 21:06,-32.035,-52.0986,73.51,64,87,14.83
244,Ribeira Grande,PT,3/26/2022 21:06,38.5167,-28.7,61.2,82,75,5.75
245,Oum Hadjer,TD,3/26/2022 21:06,13.2954,19.6966,80.01,11,4,14.9
246,Nemuro,JP,3/26/2022 21:06,43.3236,145.575,41.18,99,100,27.22
247,Baghdad,IQ,3/26/2022 21:03,33.3406,44.4009,51.71,46,0,4.61
248,Seymchan,RU,3/26/2022 21:06,62.8833,152.4333,-5.78,99,86,2.59
249,Namibe,AO,3/26/2022 21:06,-15.1961,12.1522,72.59,76,10,8.1
250,Vila Franca Do Campo,PT,3/26/2022 21:06,37.7167,-25.4333,59.41,89,100,21.16
251,Phan Thiet,VN,3/26/2022 21:06,10.9333,108.1,77.61,86,3,2.55
252,Tenenkou,ML,3/26/2022 21:06,14.4572,-4.9169,92.57,30,32,5.39
253,Ciudad Bolivar,VE,3/26/2022 21:06,8.1222,-63.5497,86.86,51,100,8.52
254,Vao,NC,3/26/2022 21:06,-22.6667,167.4833,75.99,76,85,13.49
255,Maksatikha,RU,3/26/2022 21:06,57.797,35.8825,26.74,93,100,14.58
256,Atambua,ID,3/26/2022 21:06,-9.1061,124.8925,72.07,87,84,2.15
257,Nkoyaphiri,BW,3/26/2022 21:06,-24.6322,25.8314,65.48,84,52,4.79
258,Cobija,BO,3/26/2022 21:06,-11.0267,-68.7692,72.32,93,100,4.14
259,Ahvaz,IR,3/26/2022 21:03,31.3203,48.6693,62.55,31,0,9.22
260,Batemans Bay,AU,3/26/2022 21:06,-35.7167,150.1833,64.09,92,95,3.27
261,Gallup,US,3/26/2022 21:06,35.5281,-108.7426,74.16,8,0,7
262,Nampula,MZ,3/26/2022 21:06,-15.1165,39.2666,71.37,99,24,3.09
263,Sarankhola,BD,3/26/2022 21:05,22.3082,89.7897,77.05,95,22,6.38
264,Geraldton,AU,3/26/2022 21:06,-28.7667,114.6,72.01,88,40,6.91
265,Mar Del Plata,AR,3/26/2022 21:03,-38.0023,-57.5575,64.42,93,100,15.01
266,Oktyabrskoye,RU,3/26/2022 21:06,43.0645,44.7417,26.74,93,98,6.71
267,Thinadhoo,MV,3/26/2022 21:02,0.5333,72.9333,82.04,70,1,9.95
268,Parauna,BR,3/26/2022 21:06,-16.9478,-50.4486,77.97,72,60,2.53
269,Zdvinsk,RU,3/26/2022 21:06,54.7021,78.661,1.26,98,100,6.46
270,Aklavik,CA,3/26/2022 21:06,68.2191,-135.0107,1.96,89,96,7.92
271,Saskylakh,RU,3/26/2022 21:06,71.9167,114.0833,-26.32,100,100,3.33
272,Clearwater,US,3/26/2022 21:05,27.9659,-82.8001,75.18,54,0,17
273,Vavatenina,MG,3/26/2022 21:06,-17.4667,49.2,74.88,97,69,0.69
274,Lawrenceburg,US,3/26/2022 21:06,38.0373,-84.8966,47.55,38,75,14.97
275,Magan,ES,3/26/2022 21:06,39.9683,-3.931,54.12,83,100,4.76
276,Keskin,TR,3/26/2022 21:06,39.6731,33.6136,30.18,66,2,2.51
277,Zyryanka,RU,3/26/2022 21:06,65.75,150.85,1.44,91,100,3.15
278,Muros,ES,3/26/2022 21:06,42.7762,-9.0603,56.08,84,100,5.39
279,Narsaq,GL,3/26/2022 21:06,60.9167,-46.05,28.62,77,24,0.34
280,Zhigalovo,RU,3/26/2022 21:06,54.8097,105.1578,16.02,95,100,3.4
281,Fomboni,KM,3/26/2022 21:06,-12.28,43.7425,83.46,73,63,3.6
282,Darayya,SY,3/26/2022 21:06,33.459,36.2374,47.16,72,1,10.42
283,Olhao,PT,3/26/2022 21:04,37.0286,-7.8411,59.09,82,0,5.75
284,Vestmanna,FO,3/26/2022 21:06,62.1564,-7.1664,43.72,93,75,8.05
285,Ihosy,MG,3/26/2022 21:06,-22.4,46.1167,69.44,93,4,4.27
286,Hamilton,US,3/26/2022 21:04,39.1834,-84.5333,37.99,68,100,11.5
287,Affery,CI,3/26/2022 21:06,6.315,-3.9603,77.5,87,50,5.28
288,Samarai,PG,3/26/2022 21:06,-10.6167,150.6667,82.29,74,100,4.32
289,Deputatskiy,RU,3/26/2022 21:06,69.3,139.9,-14.75,96,49,6.64
290,Ginda,IN,3/26/2022 21:06,30.6945,78.4932,54.64,24,0,7.72
291,Kodinar,IN,3/26/2022 21:06,20.7903,70.7031,78.6,56,2,10.22
292,Sandwick,GB,3/26/2022 21:06,60,-1.25,46.22,93,100,10.36
293,Waitati,NZ,3/26/2022 21:06,-45.75,170.5667,60.8,73,21,0.43
294,Cartagena,CO,3/26/2022 21:06,10.3997,-75.5144,85.62,70,20,21.85
295,Jardim,BR,3/26/2022 21:06,-21.4803,-56.1381,77.86,59,38,1.16
296,Sao Jose Da Coroa Grande,BR,3/26/2022 21:06,-8.8978,-35.1478,78.82,84,92,5.35
297,Cusuna,HN,3/26/2022 21:06,15.85,-85.2333,76.95,81,92,8.34
298,Port Macquarie,AU,3/26/2022 21:05,-31.4333,152.9167,64.89,100,75,5.75
299,Kutum,SD,3/26/2022 21:06,14.2,24.6667,63.14,12,2,14.88
300,Yar-Sale,RU,3/26/2022 21:06,66.8333,70.8333,-11.27,95,47,7.02
301,Kaeo,NZ,3/26/2022 21:06,-35.1,173.7833,65.32,82,3,4.59
302,Batavia,US,3/26/2022 21:05,41.85,-88.3126,31.8,61,100,19.57
303,Beringovskiy,RU,3/26/2022 21:06,63.05,179.3167,4.86,96,98,3.83
304,Mahibadhoo,MV,3/26/2022 21:06,3.7833,72.9667,81.45,65,6,4.21
305,Banjarmasin,ID,3/26/2022 21:06,-3.3244,114.591,75.34,91,18,3.18
306,Kimbe,PG,3/26/2022 21:06,-5.5502,150.1429,77.14,91,98,1.43
307,Malanje,AO,3/26/2022 21:06,-9.5402,16.341,67.24,94,100,1.34
308,Wangaratta,AU,3/26/2022 21:06,-36.3667,146.3333,58.89,97,0,4.61
309,Tongliao,CN,3/26/2022 21:06,43.6125,122.2653,31.44,30,3,17.56
310,Talcahuano,CL,3/26/2022 21:06,-36.7167,-73.1167,60.48,72,75,9.22
311,Fengxian,CN,3/26/2022 21:06,34.7039,116.5872,50.36,29,100,19.22
312,Luanda,AO,3/26/2022 21:03,-8.8368,13.2343,80.15,85,99,7.16
313,Isangel,VU,3/26/2022 21:06,-19.55,169.2667,79.95,75,94,9.64
314,Nikolskoye,RU,3/26/2022 21:06,59.7035,30.7861,24.8,85,100,19.86
315,San Andres,CO,3/26/2022 21:06,12.5847,-81.7006,84.22,58,20,8.05
316,Cartaxo,PT,3/26/2022 21:06,39.1602,-8.7874,61.57,83,16,7.07
317,Guia Lopes Da Laguna,BR,3/26/2022 21:06,-21.4578,-56.1142,77.92,60,40,1.01
318,Laguna,US,3/26/2022 21:06,38.421,-121.4238,80.17,43,0,8.05
319,Lasa,IT,3/26/2022 21:06,46.6166,10.7002,46.02,66,5,0.98
320,Berezovyy,RU,3/26/2022 21:06,51.6667,135.7,23.11,88,100,11.32
321,Orzu,TJ,3/26/2022 21:06,37.5593,68.8184,57.6,47,82,5.7
322,Nenagh,IE,3/26/2022 21:02,52.8619,-8.1967,49.93,83,0,3.87
323,Jurm,AF,3/26/2022 21:06,36.8648,70.8342,53.08,56,70,1.97
324,Linhai,CN,3/26/2022 21:06,28.85,121.1167,56.93,70,100,2.06
325,Haines Junction,CA,3/26/2022 21:06,60.7522,-137.5108,29.98,80,100,2.33
326,Changqing,CN,3/26/2022 21:06,36.5575,116.7272,45.21,18,2,14.25
327,Aswan,EG,3/26/2022 21:06,24.0934,32.907,61.43,21,0,13.53
328,Cap Malheureux,MU,3/26/2022 21:03,-19.9842,57.6142,79.47,83,2,1.99
329,Monmouth,US,3/26/2022 21:06,40.3001,-74.1663,52.14,65,100,16.11
330,Paamiut,GL,3/26/2022 21:03,61.994,-49.6678,24.64,85,3,9.95
331,San Cristobal,VE,3/26/2022 21:06,7.7669,-72.225,81.59,53,100,5.86
332,Napanee,CA,3/26/2022 21:06,44.2501,-76.9494,41.95,96,100,9.37
333,Yenagoa,NG,3/26/2022 21:06,4.9247,6.2642,81.55,80,94,5.64
334,Kosh-Agach,RU,3/26/2022 21:06,50,88.6667,0.36,88,99,2.82
335,Leh,IN,3/26/2022 21:06,34.1667,77.5833,15.13,50,0,3.42
336,Genc,TR,3/26/2022 21:06,38.7507,40.5603,28.85,88,100,3.6
337,Ikom,NG,3/26/2022 21:06,5.9667,8.7063,81.21,72,9,3.98
338,Otane,NZ,3/26/2022 21:06,-39.8833,176.6333,57,89,100,9.98
339,Vung Tau,VN,3/26/2022 21:06,10.346,107.0843,81.34,79,1,7.76
340,Nautla,MX,3/26/2022 21:06,20.2167,-96.7833,76.28,49,17,14.43
341,Grafton,US,3/26/2022 21:06,42.207,-71.6856,50.92,73,100,9.22
342,Goderich,CA,3/26/2022 21:06,43.7501,-81.7165,32.92,88,100,19.86
343,Suleja,NG,3/26/2022 21:06,9.1758,7.1808,86.47,15,7,4.74
344,Conakry,GN,3/26/2022 21:06,9.538,-13.6773,79.34,75,73,10
345,Amapa,BR,3/26/2022 21:06,1,-52,72,98,100,2.13
346,Saurimo,AO,3/26/2022 21:06,-9.6608,20.3916,66.65,93,93,1.99
347,Flin Flon,CA,3/26/2022 21:06,54.7682,-101.865,9.34,61,75,7.45
348,Aitape,PG,3/26/2022 21:06,-3.1374,142.3475,76.84,90,88,4.59
349,Naze,JP,3/26/2022 21:06,28.3667,129.4833,59.13,89,100,9.78
350,Lincoln,US,3/26/2022 21:06,40.8,-96.667,51.91,29,0,11.5
351,Buchanan,LR,3/26/2022 21:06,5.8808,-10.0467,78.39,89,98,2.53
352,Poronaysk,RU,3/26/2022 21:06,49.2167,143.1167,30.22,98,100,12.68
353,Lethem,GY,3/26/2022 21:06,3.3803,-59.7968,83.01,66,100,11.59
354,Puerto Madero,MX,3/26/2022 21:06,14.7208,-92.4215,89.8,61,40,11.5
355,Sao Pedro Do Sul,BR,3/26/2022 21:06,-29.6206,-54.1789,68.43,65,96,8.32
356,Magdagachi,RU,3/26/2022 21:06,53.45,125.8,16.66,89,100,5.48
357,Robertsport,LR,3/26/2022 21:06,6.7533,-11.3686,80.38,88,54,6.58
358,Antalaha,MG,3/26/2022 21:06,-14.9003,50.2788,76.37,91,9,4.79
359,Shumskiy,RU,3/26/2022 21:06,54.8318,99.1328,20.43,74,75,11.41
360,Praia,CV,3/26/2022 21:04,14.9215,-23.5087,68.54,73,20,13.8
361,Gamboma,CG,3/26/2022 21:06,-1.8764,15.8644,76.69,81,100,2.48
362,Margate,GB,3/26/2022 21:06,51.3813,1.3862,49.3,85,3,5.01
363,Upanema,BR,3/26/2022 21:06,-5.6419,-37.2578,75.87,91,100,5.23
364,Mgachi,RU,3/26/2022 21:06,51.05,142.2667,30.2,91,100,8.03
365,Hornepayne,CA,3/26/2022 21:07,49.2138,-84.7705,14.36,81,100,14.54
366,Nouakchott,MR,3/26/2022 21:07,18.0858,-15.9785,64.33,77,4,13.35
367,Bharatpur,IN,3/26/2022 21:07,27.2167,77.4833,77.36,12,0,7.11
368,Le Port,RE,3/26/2022 21:07,-20.9373,55.2919,77,73,40,2.1
369,Carutapera,BR,3/26/2022 21:07,-1.195,-46.02,77.77,91,100,6.49
370,Makakilo City,US,3/26/2022 21:07,21.3469,-158.0858,80.92,47,0,16.11
371,Sandnessjoen,NO,3/26/2022 21:03,66.0217,12.6316,33.91,70,75,8.05
372,Svetlaya,RU,3/26/2022 21:07,46.5389,138.3297,32.45,97,100,2.55
373,Meulaboh,ID,3/26/2022 21:07,4.1363,96.1285,77.67,84,86,4.45
374,Ngara,TZ,3/26/2022 21:07,-2.5122,30.6558,54.63,93,88,2.06
375,Samoded,RU,3/26/2022 21:07,63.6083,40.5111,18.97,91,100,18.48
376,Codrington,AU,3/26/2022 21:07,-38.2667,141.9667,55.35,68,0,4.94
377,Sao Joao Do Piaui,BR,3/26/2022 21:07,-8.3581,-42.2467,82.26,58,22,1.45
378,Dekar,BW,3/26/2022 21:07,-21.5333,21.9333,71.19,64,57,6.71
379,Veinticinco De Mayo,AR,3/26/2022 21:07,-35.4323,-60.1727,69.98,71,0,4
380,Sao Joao Da Barra,BR,3/26/2022 21:07,-21.6403,-41.0511,82.49,86,28,14.25
381,Svetlyy,RU,3/26/2022 21:07,54.675,20.1347,39.25,63,80,16.55
382,Maniitsoq,GL,3/26/2022 21:07,65.4167,-52.9,19.6,81,70,6.55
383,Pochutla,MX,3/26/2022 21:07,15.7432,-96.4661,89.82,48,97,8.28
384,Bilibino,RU,3/26/2022 21:07,68.0546,166.4372,-3.28,98,100,3.96
385,Evensk,RU,3/26/2022 21:07,61.95,159.2333,4.98,77,87,5.84
386,Atikokan,CA,3/26/2022 21:07,48.7555,-91.6216,15.89,68,100,13.33
387,Berlevag,NO,3/26/2022 21:03,70.8578,29.0864,22.8,66,100,24.43
388,Oranjemund,NA,3/26/2022 21:07,-28.55,16.4333,60.53,82,0,5.1
389,Iralaya,HN,3/26/2022 21:07,15,-83.2333,82.58,58,11,11.39
390,Dingzhou,CN,3/26/2022 21:07,38.5131,114.9956,43.83,15,0,11.39
391,Chengde,CN,3/26/2022 21:07,40.9725,117.9361,33.28,28,0,5.41
392,Graaff-Reinet,ZA,3/26/2022 21:07,-32.2522,24.5308,57.92,88,0,2.1
393,Linjiang,CN,3/26/2022 21:07,41.8069,126.9078,31.3,82,100,3.67
394,Sao Filipe,CV,3/26/2022 21:07,14.8961,-24.4956,70.29,75,52,10.85
395,Mount Isa,AU,3/26/2022 21:07,-20.7333,139.5,64.17,55,1,6.91
396,Ayan,RU,3/26/2022 21:05,56.45,138.1667,8.8,86,18,7.56
397,Pouso Alegre,BR,3/26/2022 21:05,-22.23,-45.9364,73.85,88,94,2.08
398,Rotifunk,SL,3/26/2022 21:07,8.2333,-12.6833,79.45,77,99,5.23
399,Hulan Ergi,CN,3/26/2022 21:07,47.2042,123.6333,29.73,54,48,11.14
400,Tessalit,ML,3/26/2022 21:07,20.1986,1.0114,89.06,10,100,15.37
401,Quatre Cocos,MU,3/26/2022 21:07,-20.2078,57.7625,79.09,81,15,11.39
402,Adrar,MR,3/26/2022 21:07,20.5022,-10.0711,75.74,16,10,4.16
403,Nchelenge,ZM,3/26/2022 21:07,-9.3451,28.734,71.2,86,93,3.13
404,Vila Velha,BR,3/26/2022 21:07,-20.3297,-40.2925,82.35,78,0,14.97
405,Shubarshi,KZ,3/26/2022 21:07,48.5872,57.1869,29.77,89,100,9.37
406,Beloha,MG,3/26/2022 21:07,-25.1667,45.05,69.91,96,24,5.64
407,Atasu,KZ,3/26/2022 21:07,48.6814,71.6433,31.19,93,100,6.46
408,Lazaro Cardenas,MX,3/26/2022 21:07,17.9583,-102.2,85.3,35,54,10.42
409,Muzaffarpur,IN,3/26/2022 21:07,26.1167,85.4,73.24,14,0,5.26
410,Port Augusta,AU,3/26/2022 21:07,-32.5,137.7667,65.1,52,0,3.15
411,Pavino,RU,3/26/2022 21:07,59.1139,46.1414,32.02,92,100,12.77
412,Eenhana,NA,3/26/2022 21:07,-17.4667,16.3333,70.38,38,8,6.08
413,Noumea,NC,3/26/2022 21:07,-22.2763,166.4572,79,99,99,8.08
414,Asau,RO,3/26/2022 21:07,46.4333,26.4,54.95,41,89,13.78
415,Vilcun,CL,3/26/2022 21:07,-38.65,-72.2333,59.74,49,3,8.57
416,Vila,PT,3/26/2022 21:07,42.0304,-8.1588,48.7,74,83,3.8
417,Muzhi,RU,3/26/2022 21:07,65.3667,64.6667,-5.03,97,95,5.1
418,Kodinsk,RU,3/26/2022 21:07,58.6881,99.1844,15.04,87,93,14.83
419,Zanjan,IR,3/26/2022 21:07,36.6736,48.4787,35.64,62,1,2.82
420,Kibre Mengist,ET,3/26/2022 21:07,5.8833,38.9833,59.47,88,74,2.77
421,Necochea,AR,3/26/2022 21:07,-38.5473,-58.7368,62.85,88,100,17.58
422,Kholmy,UA,3/26/2022 21:07,51.871,32.6006,36.32,58,77,19.95
423,Ixtapa,MX,3/26/2022 21:05,20.7,-105.2,76.23,73,0,12.66
424,Hilton Head Island,US,3/26/2022 21:06,32.2163,-80.7526,73.51,27,0,14.97
425,Zemio,CF,3/26/2022 21:07,5.0314,25.1361,76.5,21,100,2.86
426,Namatanai,PG,3/26/2022 21:07,-3.6667,152.4333,80.04,81,100,1.63
427,Lusambo,CD,3/26/2022 21:07,-4.9667,23.45,72.97,81,100,0.94
428,Sampit,ID,3/26/2022 21:07,-2.5333,112.95,74.07,98,18,2.57
429,Saint-Orens-De-Gameville,FR,3/26/2022 21:07,43.554,1.5341,53.08,57,0,2.3
430,Tyukalinsk,RU,3/26/2022 21:07,55.8732,72.1967,-6.75,100,88,5.17
431,Fatsa,TR,3/26/2022 21:07,41.0278,37.5014,37.2,88,78,6.6
432,Denpasar,ID,3/26/2022 21:07,-8.65,115.2167,76.71,100,40,3.44
433,Mayo,US,3/26/2022 21:07,38.8876,-76.5119,50.56,53,40,16.11
434,Cesena,IT,3/26/2022 21:07,44.1391,12.2432,56.12,50,29,3.58
435,Grand Gaube,MU,3/26/2022 21:07,-20.0064,57.6608,79.38,83,3,3
436,Olafsvik,IS,3/26/2022 21:07,64.8945,-23.7142,36.72,74,100,18.79
437,Kajaani,FI,3/26/2022 21:07,64.2273,27.7285,19.45,53,0,12.66
438,Dubbo,AU,3/26/2022 21:07,-32.25,148.6167,62.73,82,100,10.36
439,Salinas,US,3/26/2022 21:05,36.6777,-121.6555,81.01,64,0,16.11
440,Bend,US,3/26/2022 21:06,44.0582,-121.3153,67.86,35,0,4.61
441,Baruun-Urt,MN,3/26/2022 21:07,46.6806,113.2792,18.25,48,0,6.8
442,Medicine Hat,CA,3/26/2022 21:07,50.0501,-110.6683,52.21,31,53,1.01
443,Harnai,PK,3/26/2022 21:07,30.1005,67.9374,73.31,12,0,3
444,Newport,GB,3/26/2022 21:07,51.5877,-2.9984,55.94,71,0,9.31
445,Ecoporanga,BR,3/26/2022 21:07,-18.3733,-40.8306,77.27,71,26,3.91
446,Sekoma,BW,3/26/2022 21:07,-24.4,23.8833,70.92,63,93,6.51
447,Mastic Beach,US,3/26/2022 21:03,40.7668,-72.8521,46.98,82,100,10.36
448,Apastovo,RU,3/26/2022 21:07,55.2029,48.5109,34.38,99,100,18.7
449,Indiaroba,BR,3/26/2022 21:07,-11.5192,-37.5117,77.4,80,72,3.91
450,Champerico,GT,3/26/2022 21:07,14.3,-91.9167,85.91,64,40,13.02
451,Vostok,RU,3/26/2022 21:07,46.4856,135.8833,24.49,97,100,4.47
452,Cedar City,US,3/26/2022 21:07,37.6775,-113.0619,72.57,12,0,19.57
453,Iida,JP,3/26/2022 21:07,35.5197,137.8207,55.04,100,100,1.01
454,Catamarca,AR,3/26/2022 21:07,-28.4696,-65.7852,83.77,28,0,3
455,Tsumeb,NA,3/26/2022 21:07,-19.2333,17.7167,67.89,36,5,7.78
456,Masterton,NZ,3/26/2022 21:05,-40.9597,175.6575,62.89,89,94,7.76
457,Waddan,LY,3/26/2022 21:07,29.1614,16.139,62.28,14,0,16.13
458,Tamandare,BR,3/26/2022 21:07,-8.7597,-35.1047,78.94,83,89,4.92
459,Tombouctou,ML,3/26/2022 21:07,20,-3,84.69,20,18,7.27
460,Shaunavon,CA,3/26/2022 21:07,49.6501,-108.4181,37.27,35,100,16.22
461,Sorong,ID,3/26/2022 21:07,-0.8833,131.25,78.53,85,29,3.36
462,Bukachacha,RU,3/26/2022 21:07,52.9833,116.9167,10.2,98,81,3.44
463,Mogadishu,SO,3/26/2022 21:07,2.0371,45.3438,81.3,81,25,11.01
464,Yumen,CN,3/26/2022 21:07,40.2833,97.2,38.82,34,1,4.72
465,Tongchuan,CN,3/26/2022 21:07,35.0806,109.0897,43.86,25,91,7.38
466,Taltal,CL,3/26/2022 21:07,-25.4,-70.4833,68.11,71,23,6.82
467,Telhara,IN,3/26/2022 21:07,21.0269,76.8389,87.24,17,8,6.44
468,Kuah,MY,3/26/2022 21:07,6.3265,99.8432,83.37,74,0,5.19
469,Buraydah,SA,3/26/2022 21:07,26.326,43.975,57.6,26,0,10.89
470,Anito,PH,3/26/2022 21:07,12.4497,125.2886,78.15,88,100,9.44
471,Urcos,PE,3/26/2022 21:07,-13.6861,-71.6228,60.69,76,96,7.14
472,Antofagasta,CL,3/26/2022 21:07,-23.65,-70.4,67.28,74,24,8.46
473,Mana,GF,3/26/2022 21:07,5.6592,-53.7767,78.82,81,72,11.32
474,Sazonovo,RU,3/26/2022 21:07,59.0919,35.2268,24.57,87,100,17.45
475,Vanimo,PG,3/26/2022 21:07,-2.6741,141.3028,76.82,89,100,5.53
476,Severnyy,RU,3/26/2022 21:07,50.677,36.5532,35.64,87,75,15.66
477,Luderitz,NA,3/26/2022 21:07,-26.6481,15.1594,64.36,73,0,8.32
478,Bulata,PH,3/26/2022 21:07,9.8599,122.4016,80.58,80,98,9.4
479,Achutupo,PA,3/26/2022 21:07,9.2,-77.9833,81.52,74,87,11.18
480,Karad,IN,3/26/2022 21:07,17.2833,74.2,73.27,75,22,4.94
481,Pangkalanbuun,ID,3/26/2022 21:07,-2.6833,111.6167,73.9,98,57,2.26
482,Beisfjord,NO,3/26/2022 21:07,68.3751,17.5988,24.85,95,100,4.16
483,Plaza De Caisan,PA,3/26/2022 21:07,8.7333,-82.8167,75,71,88,1.45
484,San Marcos,US,3/26/2022 21:06,33.1434,-117.1661,88.21,63,0,11.5
485,Samdari,IN,3/26/2022 21:07,25.8167,72.5833,82.18,18,0,8.43
486,Akranes,IS,3/26/2022 21:07,64.3218,-22.0749,41.65,95,100,16.15
487,Ust-Maya,RU,3/26/2022 21:07,60.4167,134.5333,-13.99,100,100,1.41
488,Pietersburg,ZA,3/26/2022 21:07,-23.9045,29.4688,58.75,95,43,1.81
489,Wuan,CN,3/26/2022 21:07,31.6836,112.0044,56.37,63,100,4.14
490,Yakima,US,3/26/2022 21:03,46.4665,-120.6678,64.9,40,0,4
491,Yichang,CN,3/26/2022 21:05,30.7144,111.2847,57.6,78,100,4.16
492,Karratha,AU,3/26/2022 21:07,-20.7377,116.8463,82.6,71,58,10.65
493,Monte Patria,CL,3/26/2022 21:05,-30.6919,-70.9467,79.66,38,0,6.93
494,Vorukh,TJ,3/26/2022 21:07,39.8494,70.5838,44.62,93,100,1.48
495,Hobyo,SO,3/26/2022 21:07,5.3505,48.5268,80.58,66,22,13.71
496,Lebork,PL,3/26/2022 21:07,54.5392,17.7501,35.15,72,32,2.89
497,Canutama,BR,3/26/2022 21:07,-6.5339,-64.3831,76.37,95,98,1.52
498,Madang,PG,3/26/2022 21:07,-5.2246,145.7966,75.47,91,99,5.03
499,Fort Nelson,CA,3/26/2022 21:07,58.8053,-122.7002,26.47,90,100,2.89
500,San Rafael,AR,3/26/2022 21:07,-34.6177,-68.3301,84.24,13,0,14.07
501,Guerrero Negro,MX,3/26/2022 21:07,27.9769,-114.0611,76.35,40,35,10.16
502,Provideniya,RU,3/26/2022 21:07,64.3833,-173.3,18.64,89,100,1.03
503,Grindavik,IS,3/26/2022 21:07,63.8424,-22.4338,41.47,93,100,17.27
504,Nalhati,IN,3/26/2022 21:07,24.3,87.8167,74.71,82,5,4.97
505,Ushtobe,KZ,3/26/2022 21:07,45.2514,77.9838,50.07,56,100,7.81
506,Tarut,SA,3/26/2022 21:07,26.5733,50.0369,66.4,49,0,16.67
507,Morogoro,TZ,3/26/2022 21:07,-6.8167,37.6667,71.28,87,41,1.7
508,Machali,CL,3/26/2022 21:07,-34.1833,-70.6667,69.08,49,0,11.5
509,Pericos,MX,3/26/2022 21:07,25.05,-107.7,84.11,15,100,8.03
510,Bolu,TR,3/26/2022 21:07,40.6667,31.5833,23.79,87,10,2.15
511,Linxia,CN,3/26/2022 21:07,35.6003,103.2064,37.96,43,65,2.13
512,Caracollo,PE,3/26/2022 21:07,-14.9165,-70.6603,58.32,49,99,3.27
513,Komsomolskiy,UZ,3/26/2022 21:07,40.4272,71.7189,54.59,72,100,11.05
514,Chunoyar,RU,3/26/2022 21:07,57.4467,97.3217,15.75,89,100,13.15
515,Sadiqabad,PK,3/26/2022 21:07,28.3062,70.1307,79.47,9,0,6.42
516,Inndyr,NO,3/26/2022 21:07,67.0338,14.0276,32.04,78,100,7.61
517,Jiuquan,CN,3/26/2022 21:07,39.7432,98.5174,37.33,34,0,3.29
518,San Patricio,US,3/26/2022 21:07,28.017,-97.5169,91.49,23,4,13.18
519,Marawi,PH,3/26/2022 21:07,7.9986,124.2928,67.41,98,100,3.09
520,Wyndham,US,3/26/2022 21:07,37.6985,-77.6125,53.4,39,20,21.85
521,Sakaiminato,JP,3/26/2022 21:07,35.55,133.2333,50.97,73,100,6.62
522,Tanout,NE,3/26/2022 21:07,14.9709,8.8879,76.23,10,61,13.73
523,Verkhnevilyuysk,RU,3/26/2022 21:07,63.4453,120.3167,4.39,100,100,1.92
524,Palana,RU,3/26/2022 21:07,59.1167,159.9667,13.96,94,100,8.63
525,Bethel,US,3/26/2022 21:07,41.3712,-73.414,47.64,78,0,3.44
526,Ozernovskiy,RU,3/26/2022 21:07,51.5,156.5167,27.86,58,95,7.65
527,Ponta Do Sol,PT,3/26/2022 21:07,32.6667,-17.1,66.06,82,100,15.19
528,Bowen,AU,3/26/2022 21:07,-20.0167,148.2333,74.35,86,87,7.96
529,Bodden Town,KY,3/26/2022 21:07,19.2833,-81.25,79,75,75,11.5
530,Aksaray,TR,3/26/2022 21:07,38.3726,34.0254,31.33,69,3,2.82
531,Kondinskoye,RU,3/26/2022 21:07,59.6481,67.41,9.43,93,17,10.16
532,Alice Springs,AU,3/26/2022 21:04,-23.7,133.8833,51.35,62,5,0
533,Kananga,CD,3/26/2022 21:07,-5.8958,22.4178,72.28,83,100,3.83
534,Ternate,ID,3/26/2022 21:07,0.8,127.4,79.72,79,100,4.52
535,Manaus,BR,3/26/2022 21:07,-3.1019,-60.025,82.89,74,40,4.61
536,Hayden,US,3/26/2022 21:06,47.766,-116.7866,60.96,46,0,9.22
537,Martapura,ID,3/26/2022 21:07,-3.4167,114.85,75.29,94,75,5.75
538,Binzhou,CN,3/26/2022 21:07,37.3667,118.0167,45.46,23,0,12.44
539,Anadyr,RU,3/26/2022 21:07,64.75,177.4833,0,91,90,5.99
540,Iquitos,PE,3/26/2022 21:05,-3.7481,-73.2472,87.84,66,40,4.61
541,Elko,US,3/26/2022 21:08,41.0002,-115.5012,70.65,13,100,11.99
542,Edd,ER,3/26/2022 21:08,13.9297,41.6925,76.66,72,98,7.81
543,Rio Gallegos,AR,3/26/2022 21:08,-51.6226,-69.2181,64.45,39,0,14.97
544,Preston,GB,3/26/2022 21:08,53.7667,-2.7167,56.68,70,92,9.17
545,Gladstone,AU,3/26/2022 21:08,-23.85,151.25,70.79,94,76,5.75
546,Christiana,ZA,3/26/2022 21:08,-27.914,25.1611,64.9,36,3,6.24
547,Contamana,PE,3/26/2022 21:08,-7.3333,-75.0167,86.52,55,45,5.86
548,La Sarre,CA,3/26/2022 21:04,48.8002,-79.1996,26.2,88,100,15.41
549,Sao Felix Do Xingu,BR,3/26/2022 21:08,-6.6447,-51.995,77.95,90,21,3.98
550,Seydisehir,TR,3/26/2022 21:08,37.4193,31.8453,27.81,73,1,2.77
551,Acapulco,MX,3/26/2022 21:08,16.8634,-99.8901,82.22,65,100,12.66
552,Calauan,PH,3/26/2022 21:08,14.15,121.3167,80.98,89,19,4.76
553,Miri,MY,3/26/2022 21:08,4.4148,114.0089,73.56,90,43,5.61
554,Kumluca,TR,3/26/2022 21:08,36.3703,30.2869,54.43,45,0,5.97
555,Cajati,BR,3/26/2022 21:08,-24.7361,-48.1228,78.22,87,73,2.19
